{
    "special": [
    {
      "toEaster": -70,
      "main": "Τελώνου και Φαρισαίου - Αρχή Τριωδίου",
      "variations": []
    },
    {
      "toEaster": -63,
      "main": "Του Ασώτου",
      "variations": []
    },
    {
      "toEaster": -59,
      "main": "Τσικνοπέμπτη",
      "variations": []
    },
    {
      "toEaster": -57,
      "main": "Ψυχοσάββατο Α'",
      "variations": []
    },
    {
      "toEaster": -56,
      "main": "Της Απόκρεω",
      "variations": []
    },
    {
      "toEaster": -49,
      "main": "Τυροφάγου",
      "variations": []
    },
    {
      "toEaster": -48,
      "main": "Καθαρά Δευτέρα",
      "variations": []
    },
    {
      "toEaster": -43,
      "main": "Αγίου Θεοδώρου",
      "variations": [
        "Θεόδωρος",
        "Θεοδώρα",
        "Δώρα",
        "Ντόρα",
        "Θόδωρος",
        "Θοδώρα",
        "Θοδωρής",
        "Θοδωράκης",
        "Θώδης",
        "Θώδος",
        "Δώρη"
      ]
    },
    {
      "toEaster": -42,
      "main": "Κυριακή της Ορθοδοξίας",
      "variations": [
        "Ορθοδοξία",
        "Λωξάνδρα",
        "Λωξάντρα",
        "Ρωξάνη",
        "Αξί"
      ]
    },
    {
      "toEaster": -35,
      "main": "Γρηγορίου του Παλαμά",
      "variations": [
        "Γρηγόριος",
        "Γρηγόρης",
        "Γρηγορία",
        "Γόλη"
      ]
    },
    {
      "toEaster": -8,
      "main": "Σάββατο του Λαζάρου",
      "variations": [
        "Λάζαρος",
        "Λάζο"
      ]
    },
    {
      "toEaster": -7,
      "main": "Κυριακή των Βαίων",
      "variations": [
        "Βάϊος",
        "Βάϊα",
        "Βάγια",
        "Βαία",
        "Δάφν"
      ]
    },
    {
      "toEaster": -6,
      "main": "Μεγάλη Δευτέρα",
      "variations": [
        "Πάγκαλο"
      ]
    },
    {
      "toEaster": -5,
      "main": "Μεγάλη Τρίτη",
      "variations": []
    },
    {
      "toEaster": -4,
      "main": "Μεγάλη Τετάρτη",
      "variations": []
    },
    {
      "toEaster": -3,
      "main": "Μεγάλη Πέμπτη",
      "variations": [
        "Αλήθει"
      ]
    },
    {
      "toEaster": -2,
      "main": "Μεγάλη Παρασκευή",
      "variations": []
    },
    {
      "toEaster": -1,
      "main": "Μεγάλο Σάββατο",
      "variations": []
    },
    {
      "toEaster": 0,
      "main": "ΤΟ ΑΓΙΟ ΠΑΣΧΑ",
      "variations": [
        "Αναστάσιος",
        "Αναστασία",
        "Τάσος",
        "Αναστάσης",
        "Ανέστης",
        "Λάμπρος",
        "Λαμπρινή",
        "Λαμπρίνα",
        "Πασχάλης",
        "Πασχαλίνα",
        "Λίνα",
        "Στασινό"
      ]
    },
    {
      "toEaster": 1,
      "main": "2α Διακαινησίμου - Δευτέρα",
      "variations": []
    },
    {
      "toEaster": 2,
      "main": "3η Διακαινησίμου - Τρίτη",
      "variations": [
        "Λαμπροτρίτ"
      ]
    },
    {
      "toEaster": 3,
      "main": "4η Διακαινησίμου - Τετάρτη",
      "variations": [
        "Θεοχάρη"
      ]
    },
    {
      "toEaster": 4,
      "main": "5η Διακαινησίμου - Πέμπτη",
      "variations": []
    },
    {
      "toEaster": 5,
      "main": "6η Διακαινησίμου - Παρασκευή",
      "variations": []
    },
    {
      "toEaster": 5,
      "main": "Ζωοδόχου Πηγής",
      "variations": [
        "Πηγή",
        "Κρήνη",
        "Κρηνιώ",
        "Ζήσης",
        "Ζησούλα",
        "Ζήσιμος",
        "Ζωή",
        "Ζώης",
        "Ζωϊτσα",
        "Ζωζώ",
        "Παναγιώτης",
        "Πάνος",
        "Πανούσος",
        "Παναγής",
        "Πανάγος",
        "Γιώτης",
        "Πολυζώης",
        "Παναγιώτα",
        "Γιώτα",
        "Παναγιούλα",
        "Γιούλα",
        "Παναγούλα"
      ]
    },
    {
      "toEaster": 6,
      "main": "7η Διακαινησίμου - Σαββάτο",
      "variations": []
    },
    {
      "toEaster": 7,
      "main": "Του Θωμά",
      "variations": [
        "Θωμάς",
        "Θωμαή",
        "Τόμα"
      ]
    },
    {
      "toEaster": 14,
      "main": "Των Μυροφόρων",
      "variations": [
        "Μυροφόρ"
      ]
    },
    {
      "toEaster": 21,
      "main": "Του Παραλύτου",
      "variations": [
        "Βηθεσδ"
      ]
    },
    {
      "toEaster": 39,
      "main": "Ανάληψη του Χριστού",
      "variations": [
        "Νεφέλ"
      ]
    },
    {
      "toEaster": 48,
      "main": "Ψυχοσάββατο Β'",
      "variations": []
    },
    {
      "toEaster": 49,
      "main": "Πεντηκοστή",
      "variations": []
    },
    {
      "toEaster": 50,
      "main": "Αγ. Πνεύματος",
      "variations": [
        "Τριάδα",
        "Τριάς",
        "Κόρη",
        "Κορίνα",
        "Κορίνο"
      ]
    },
    {
      "toEaster": 56,
      "main": "Αγίων Πάντων",
      "variations": [
        "Αβδηρος",
        "Αγαπήνωρ",
        "Αγαμέμνων",
        "Αγαμέμνονας",
        "Αγαύη",
        "Αγεύς",
        "Αγήνωρ",
        "Αγησίλαος",
        "Αέθλιος",
        "Αελλώ",
        "Αγις",
        "Αδμητος",
        "Αγνοδίκη",
        "Αγοράκριτος",
        "Αγοραστή",
        "Αγορίτσα",
        "Αγορία",
        "Αγνω",
        "Αγνων",
        "Αδράστεια",
        "Αερόπη",
        "Αέροπος",
        "Αδωνις",
        "Απολλόδωρος",
        "Ακάδημος",
        "Αλβέρτος",
        "Αλμπερτ",
        "Αιγεύς",
        "Αίγλη",
        "Αίγινα",
        "Αιακός",
        "Αίγισθος",
        "Αλεμίνα",
        "Αλεμινιώ",
        "Αιδονή",
        "Αίας",
        "Αίγυπτος",
        "Αθηναίς",
        "Αθηνίων",
        "Αλθαία",
        "Αλκείδης",
        "Αλκαίος",
        "Αλκαμένης",
        "Αλκέτας",
        "Αιθήρ",
        "Αλκηστη",
        "Αιλιανός",
        "Αλκίνοος",
        "Αλκινόη",
        "Αλκμένης",
        "Αλκμήνη",
        "Αλκμηνιώ",
        "Αίθρα",
        "Αλκυόνη",
        "Αινείας",
        "Αινίας",
        "Αίολος",
        "Αίμων",
        "Αισχύλος",
        "Ακταίη",
        "Ακταίος",
        "Αίσωπος",
        "Ακτωρ",
        "Αιώρα",
        "Ανακρέων",
        "Αναξαγόρας",
        "Αναξίμανδρος",
        "Ανδροκλής",
        "Ανδρονίδης",
        "Αμαρυλλίς",
        "Ανθέμιος",
        "Αμυγδαλιά",
        "Αντεια",
        "Ανταίος",
        "Αντίπατρος",
        "Αμφιθόη",
        "Αμφικτύων",
        "Αντιμάχη",
        "Αντίμαχος",
        "Αντιόπη",
        "Αντίνοος",
        "Αμφιτρίτη",
        "Αμφιτρύων",
        "Αντιφών",
        "Αμύντας",
        "Αρχίλοχος",
        "Αργεντίνη",
        "Αργος",
        "Αρπίνα",
        "Αριέλ",
        "Αριέλλα",
        "Αρκάς",
        "Αρκτούρος",
        "Αρίστιππος",
        "Αριστογείτων",
        "Αριστόδικος",
        "Αριστόμαχος",
        "Αριστομένης",
        "Αριστόνικος",
        "Αριστονίκη",
        "Αριστοφάνης",
        "Αριστούλα",
        "Αρίων",
        "Αρμονία",
        "Αριέτα",
        "Αρριέτα",
        "Αρριέττα",
        "Αριέττα",
        "Αφεντία",
        "Αφέντρα",
        "Αφεντουλιώ",
        "Αφέντρω",
        "Αφεντρού",
        "Ασημώνη",
        "Ατθίς",
        "Αυξώ",
        "Ατρεύς",
        "Αυρήλιος",
        "Αυρηλία",
        "Ατταλος",
        "Αστυάναξ",
        "Ασωπός",
        "Βεατρίκη",
        "Βακχυλίδης",
        "Βελλερεφόντης",
        "Βάκις",
        "Βελισσάριος",
        "Βελισσαρία",
        "Βενετία",
        "Βενέτης",
        "Βενέτιος",
        "Βενιζέλος",
        "Βένος",
        "Βενιζέλα",
        "Βένη",
        "Βαρύτιμος",
        "Βαρυτίμη",
        "Βαύβω",
        "Βάφης",
        "Βαφυκλής",
        "Βίας",
        "Βιολέτα",
        "Βίων",
        "Βοιώ",
        "Βοιωτός",
        "Βορέας",
        "Βότρυς",
        "Βρασίδας",
        "Βρισηίς",
        "Βροντής",
        "Βροντίνος",
        "Βροτέας",
        "Βρυάς",
        "Βρύμη",
        "Βρύσων",
        "Βύζας",
        "Βύρων",
        "Βύρωνας",
        "Βώρος",
        "Γαία",
        "Γείτων",
        "Γέλως",
        "Γέμινος",
        "Γανυμήδης",
        "Γαυανής",
        "Γή",
        "Γηρυόνης",
        "Γιαλαμάς",
        "Γιασεμής",
        "Γλαύκη",
        "Γλαυκίδης",
        "Γλαυκιάς",
        "Γλαύκος",
        "Γκόλφω",
        "Γνήσιππος",
        "Γοργίας",
        "Γόργος",
        "Γόργω",
        "Γραικός",
        "Γραμμένος",
        "Γραμματική",
        "Γρύλος",
        "Γρύνειος",
        "Γύγης",
        "Γυής",
        "Γυπαιεύς",
        "Γύλιππος",
        "Δαείρα",
        "Δαίδαλος",
        "Δεινοκράτης",
        "Δεινόστρατος",
        "Δείνω",
        "Δείνων",
        "Δελφίων",
        "Δαναός",
        "Δάμας",
        "Δαμασιάς",
        "Δαμάσκιος",
        "Δαμαστής",
        "Δέξιππος",
        "Δάμις",
        "Δαμόκλης",
        "Δαμοφίλη",
        "Δαμόφων",
        "Δάρδανος",
        "Δευκαλίων",
        "Δήλιος",
        "Δημάρατος",
        "Δημοχάρης",
        "Δημόδοκος",
        "Δημοκίδης",
        "Δημοκράτης",
        "Δημόκριτος",
        "Δημοφίλη",
        "Δημόφων",
        "Διαγόρας",
        "Διαλεχτή",
        "Διαλεκτή",
        "Διαμαντής",
        "Διηδάμεια",
        "Διηάνειρα",
        "Δικαία",
        "Δικαίαρχος",
        "Δικτύς",
        "Διοχάντη",
        "Διόδωρος",
        "Διόκλης",
        "Διοφάνη",
        "Διοφάντη",
        "Διόφαντος",
        "Διοτίμα",
        "Δίνων",
        "Διφίλη",
        "Δίφιλος",
        "Δίων",
        "Διωξίππη",
        "Δούρις",
        "Δρύα",
        "Δρύκαλος",
        "Δρυόπη",
        "Δυναμένη",
        "Δύμας",
        "Δώρος",
        "Δωτώ",
        "Εχεκράτης",
        "Εχιδνα",
        "Εβελίνα",
        "Εβελύνα",
        "Εβελιν",
        "Εβελυν",
        "Επαφος",
        "Επιγένης",
        "Επίζηλος",
        "Επίδικος",
        "Επίκουρος",
        "Επίκτητος",
        "Επιμενίδης",
        "Εκάβη",
        "Εκάλη",
        "Ελβίρα",
        "Εκαταίος",
        "Εκάτη",
        "Ελατος",
        "Ελίδα",
        "Ελλάνικος",
        "Ελλη",
        "Ελλην",
        "Ελίκη",
        "Εικονία",
        "Εκτωρ",
        "Ενάρετη",
        "Εμπεδοκλής",
        "Ενιππεύς",
        "Ενυώ",
        "Ερεχθεύς",
        "Εργίνος",
        "Εργίνα",
        "Εργότιμος",
        "Ερατοσθένης",
        "Εριφύλη",
        "Ερμόδωρος",
        "Εριέτα",
        "Ερριέτα",
        "Ερριέττα",
        "Εριέττα",
        "Ερρίκος",
        "Ερύμανθος",
        "Ερυξιάς",
        "Ερυξίμαχος",
        "Ερωφίλη",
        "Ερωτόκριτος",
        "Εύχαρης",
        "Ευαγόρας",
        "Ευγέων",
        "Εύδημος",
        "Ευάλιος",
        "Εύδοξος",
        "Ευγνωσία",
        "Ευδώρα",
        "Εύηνος",
        "Ευπείθης",
        "Ευπάλινος",
        "Ευπόλεμος",
        "Ευπόλις",
        "Εφιππος",
        "Ευκλεάς",
        "Ευκλείδης",
        "Ευκρατίδης",
        "Ευθύδημος",
        "Ευθυκλής",
        "Ευθυμίδης",
        "Ευθύνους",
        "Εύμαχος",
        "Εύμαιος",
        "Εύμηλος",
        "Ετοιμοκλής",
        "Ευμόλπη",
        "Εύμολπος",
        "Εύνομος",
        "Ευριάδης",
        "Ευριδίκη",
        "Ευρυδίκη",
        "Ευριπίδης",
        "Εφρόνιος",
        "Ευρυδάμας",
        "Ευρυβιάδης",
        "Ευρυάλη",
        "Ευρύαλος",
        "Ευρύκλεια",
        "Ευρύλοχος",
        "Ευρυνόμη",
        "Ευρυσθεύς",
        "Ευρώπη",
        "Εστία",
        "Ευφοριών",
        "Ζαγρεύς",
        "Ζάλευκος",
        "Ζαμπέτας",
        "Ζαμπέτα",
        "Ζαφείριος",
        "Ζαφείρης",
        "Ζαφείρω",
        "Ζαφειρία",
        "Ζευξίδαμος",
        "Ζεύξιππος",
        "Ζεύς",
        "Ζέφυρος",
        "Ζήθος",
        "Ζήκος",
        "Ζήλος",
        "Ζήνις",
        "Ζηνόδοτος",
        "Ζηνόδωρος",
        "Ζήτης",
        "Ζωναίος",
        "Ζωογόνος",
        "Ζωτιάτης",
        "Ηχώ",
        "Ηγέλοχος",
        "Ηβη",
        "Ηγήμων",
        "Ηγήσανδρος",
        "Ηγησιάναξ",
        "Ηγησίας",
        "Ηγήσιππος",
        "Ηγήτωρ",
        "Ηγίας",
        "Ηδύλη",
        "Ηετίων",
        "Ηπιόνη",
        "Ηλέκτρα",
        "Ηλεκτρίων",
        "Ηλιος",
        "Ηνίοχος",
        "Ηρα",
        "Ηρέας",
        "Ηρακλείδης",
        "Ηράκλειτος",
        "Ηριγόνη",
        "Ηριλλος",
        "Ηρίννα",
        "Ηρόδοτος",
        "Ηρόδωρος",
        "Ηροφίλη",
        "Ηρόφιλος",
        "Ηφαιστος",
        "Ησίοδος",
        "Ησιόνη",
        "Ηώ",
        "Θάλητας",
        "Θέλμα",
        "Θέλημα",
        "Θελξιώπη",
        "Θεοδήγιος",
        "Θεοδώρα",
        "Δώρα",
        "Ντόρα",
        "Θοδώρα",
        "Δωρούλα",
        "Θεόκριτος",
        "Θέμις",
        "Θεοξένιος",
        "Θαμυρίς",
        "Θεοφρονία",
        "Θάρυπος",
        "Θέρσιππος",
        "Θερσίτης",
        "Θεύδιος",
        "Θέσπις",
        "Θέσιος",
        "Θέτις",
        "Θεσσαλονίκη",
        "Θέων",
        "Θηβαίς",
        "Θηριαμένης",
        "Θόη",
        "Θουκυδίδης",
        "Θουκιδίδης",
        "Θρασύβουλος",
        "Θρασύλλος",
        "Θρασύμαχος",
        "Θυέστης",
        "Θυία",
        "Θυμοχάρης",
        "Θυώνη",
        "Ιδαία",
        "Ιδαίος",
        "Ιάπετος",
        "Ιάμβλιχος",
        "Ιδομενεύς",
        "Ιαμος",
        "Ιεροκλής",
        "Ιβυκος",
        "Ιασίων",
        "Ιασώ",
        "Ιππαρχος",
        "Ιππη",
        "Ιππίας",
        "Ιπποδάμεια",
        "Ιπποκράτης",
        "Ιπποσθένης",
        "Ιππων",
        "Ικέλιδας",
        "Ιθακος",
        "Ικάριος",
        "Ικέτας",
        "Ιλιάς",
        "Ιλιάδα",
        "Ιλιόνη",
        "Ιλλος",
        "Ιθυκλής",
        "Ικτίνος",
        "Ιναχος",
        "Ιοβάτης",
        "Ιμβριος",
        "Ιοκάστη",
        "Ιόλη",
        "Ιόλλας",
        "Ιξιόνη",
        "Ιξίων",
        "Ιόνη",
        "Ινώ",
        "Ισαμπέλλα",
        "Ιζαμπέλλα",
        "Ισαβέλλα",
        "Ισαίος",
        "Ισανδρος",
        "Ιτη",
        "Ιφικράτεια",
        "Ιφικράτης",
        "Ισθμιονίκης",
        "Ιφιτος",
        "Ιστρος",
        "Ιτυς",
        "Ιώ",
        "Ιώλκιος",
        "Καδιανή",
        "Κάντιω",
        "Κάδμος",
        "Καλαμίς",
        "Κέλεος",
        "Κάλας",
        "Καλλιδίκη",
        "Καλλιάνθη",
        "Καλλίας",
        "Καλλιπάτειρα",
        "Καλλίππος",
        "Καλλικλής",
        "Καλλικράτης",
        "Καλλίμαχος",
        "Καλλιμέδων",
        "Καλλίνος",
        "Καλομοίρα",
        "Κέκρωψ",
        "Καλυψώ",
        "Κανέλλα",
        "Κανέλα",
        "Κανέλος",
        "Κανέλλης",
        "Νέλλη",
        "Νέλη",
        "Κένταυρος",
        "Καρανός",
        "Κάρπω",
        "Καρνεάδης",
        "Κάρολος",
        "Τσάρλς",
        "Τσάρλυ",
        "Κάρολ",
        "Καρολίνα",
        "Κασσάνδρα",
        "Κάσσανδρος",
        "Κηφεύς",
        "Κηφισόδωρος",
        "Κλεάνθης",
        "Κλέαρχος",
        "Κλεαρέτη",
        "Κλείνιος",
        "Κλεισθένης",
        "Κλείτος",
        "Κλεοδαίος",
        "Κλεόδαμος",
        "Κλεόβουλος",
        "Κλεομένης",
        "Κλεομήδης",
        "Κλέων",
        "Κλιτίας",
        "Κινησίας",
        "Κινύρα",
        "Κινυρίς",
        "Κίμων",
        "Κίρκη",
        "Κίσιος",
        "Κλυμένη",
        "Κλυταιμνήστρα",
        "Κλυτίδης",
        "Κλύτος",
        "Κλώθω",
        "Κνήμος",
        "Κοίνος",
        "Κονδυλένια",
        "Κονδυλία",
        "Κοντυλιά",
        "Κομνηνός",
        "Κορτέσσα",
        "Τέσσα",
        "Κορτέσα",
        "Τέσα",
        "Κορτέσσης",
        "Κορτέσης",
        "Κορυδών",
        "Κούρος",
        "Κραναός",
        "Κρατής",
        "Κρατίνος",
        "Κρατύλος",
        "Κρέων",
        "Κριτίας",
        "Κριτόδημος",
        "Κριτόλαος",
        "Κρίτων",
        "Κρίτωνας",
        "Κυβέλη",
        "Κυδιάς",
        "Κύδων",
        "Κτησίβιος",
        "Κτησίας",
        "Κύνθια",
        "Κυμοθόη",
        "Κύψελος",
        "Λαχαρής",
        "Λάχεσις",
        "Λάχης",
        "Λαέρτης",
        "Λακύδης",
        "Λάκων",
        "Λάμαχος",
        "Λαοδάμεια",
        "Λαοδάμας",
        "Λαοδίκη",
        "Λαμπέτια",
        "Λαμπροκλής",
        "Λάμπων",
        "Λαοθόη",
        "Λεοντεύς",
        "Λαόφιλος",
        "Λάσκαρης",
        "Λασκαρίνα",
        "Λευκάτη",
        "Λεύκιππος",
        "Λεύκων",
        "Λάσος",
        "Λεωχάρης",
        "Λεωδάμας",
        "Λεωκράτης",
        "Λάϊος",
        "Λεωσθένης",
        "Λητώ",
        "Λοίδα",
        "Λωίδα",
        "Λόις",
        "Λορέντζος",
        "Λουκρητία",
        "Λυγερή",
        "Λυγερός",
        "Λυκέας",
        "Λυκαίος",
        "Λυκάονας",
        "Λυκίς",
        "Λυκομήδης",
        "Λύκος",
        "Λυκούργος",
        "Λυκόφρων",
        "Λύκων",
        "Λύσανδρος",
        "Λυσίας",
        "Λύσιππος",
        "Λυσικράτη",
        "Λυσιμάχη",
        "Λυσίς",
        "Μεγακλής",
        "Μεγαλοστράτη",
        "Μεγάρη",
        "Μέγας",
        "Μεγασθένης",
        "Μεγιστίας",
        "Μελέαγρος",
        "Μέλαμπους",
        "Μελανιππίδης",
        "Μελάνθιος",
        "Μελανθώ",
        "Μάκαρ",
        "Μαίας",
        "Μελησίας",
        "Μελικέρτη",
        "Μέλισσος",
        "Μενέδημος",
        "Μενέκαλος",
        "Μένεκλης",
        "Μενεκράτης",
        "Μένιππος",
        "Μάνθος",
        "Μάνθα",
        "Μέμος",
        "Μέμα",
        "Μεχμέτ",
        "Μαντίας",
        "Μάντιος",
        "Μέντωρ",
        "Μένων",
        "Μαρίλια",
        "Μαρήλια",
        "Μαρούλα",
        "Μαρσύας",
        "Μεσινίδης",
        "Μέτων",
        "Μήδεια",
        "Μήδεος",
        "Μηριόνη",
        "Μήτις",
        "Μητρόδωρος",
        "Μητροκλής",
        "Μήτων",
        "Μιαούλης",
        "Μίκων",
        "Μίμνερμος",
        "Μιράντα",
        "Μνημοσύνη",
        "Μνησικλής",
        "Μορφέας",
        "Μοσχίνα",
        "Μουσαίος",
        "Μυκήνη",
        "Μυλλίας",
        "Μύνης",
        "Μυρίνη",
        "Μύρνα",
        "Μύρμηξ",
        "Μυρτίλος",
        "Μύρτις",
        "Μυρωνίδης",
        "Νέδων",
        "Ναπολέων",
        "Λέων",
        "Λεό",
        "Νέκλερη",
        "Νειοκλής",
        "Νέμεση",
        "Νεοπτόλεμος",
        "Νεοκλής",
        "Νεόκριτος",
        "Νέορος",
        "Ναύπλιος",
        "Ναυκλείδης",
        "Ναυμάχιος",
        "Ναυσικά",
        "Ναυσιθόη",
        "Ναυσικράτης",
        "Ναυσίμαχος",
        "Ναυσίνικος",
        "Νέσσος",
        "Νάϊρχος",
        "Νηίς",
        "Νηρεύς",
        "Νηρέας",
        "Νηρίτη",
        "Νήριτος",
        "Νησαίη",
        "Νηφαίη",
        "Νήσω",
        "Νικαγόρας",
        "Νικαρέτη",
        "Νικίας",
        "Νικόδωρος",
        "Νικοκλής",
        "Νικόμαχος",
        "Νικομήδης",
        "Νικοσθένης",
        "Νιόβη",
        "Νισαίος",
        "Νίσος",
        "Νοήμων",
        "Νομικός",
        "Νομική",
        "Νόμιος",
        "Ξέναρχος",
        "Ξενίδης",
        "Ξενόδαμος",
        "Ξενοδίκη",
        "Ξενόκλεια",
        "Ξενοκλής",
        "Ξενοκράτης",
        "Ξενόκριτος",
        "Ξενοφάνης",
        "Ξενόφιλος",
        "Ξένων",
        "Ξούθος",
        "Ξυνόφρων",
        "Οδιος",
        "Οδυσσεύς",
        "Οδυσσέας",
        "Οδύσσεια",
        "Οπίτης",
        "Οίαγρος",
        "Οιδίπους",
        "Οινεύς",
        "Οινοπίδης",
        "Οινοπίων",
        "Οινομάχος",
        "Ολυμπος",
        "Ολύνθιος",
        "Οίστρος",
        "Οθων",
        "Οθωνας",
        "Ονειρος",
        "Ονασιάς",
        "Ονήσιλος",
        "Ονήτωρ",
        "Ονομακλής",
        "Ορθαίος",
        "Ορμένος",
        "Οροίδος",
        "Ορφεύς",
        "Ορφέας",
        "Ορτίλοχος",
        "Οφελεστής",
        "Οφέλτης",
        "Οψιμος",
        "Παγώνα",
        "Παγόνα",
        "Παγούνω",
        "Πάππος",
        "Παλαιολόγος",
        "Παλαίμων",
        "Παλαμήδης",
        "Πελασγός",
        "Πειθέας",
        "Πάλλας",
        "Πελίας",
        "Πειθώ",
        "Πέλοψ",
        "Πέλοπας",
        "Πείσανδρος",
        "Πεισίστρατος",
        "Παιώνειος",
        "Πάν",
        "Πάννας",
        "Πάνας",
        "Πάνδαρος",
        "Πανδίων",
        "Πάνδροσος",
        "Πάνδωρος",
        "Πενθέας",
        "Πανταζής",
        "Πανσέληνος",
        "Πανωραία",
        "Περδίκας",
        "Περίανδρος",
        "Πάρις",
        "Πάρης",
        "Παρμενίδης",
        "Περσαίος",
        "Παρσενία",
        "Περσεύς",
        "Περσέας",
        "Πασιθέα",
        "Πασιφάη",
        "Πατροκλής",
        "Παυσανίας",
        "Πήρω",
        "Πλειστονίκης",
        "Πλειώνη",
        "Πλανητιάδης",
        "Πίγρης",
        "Πλήθων",
        "Πιτθεύς",
        "Πιτθέας",
        "Πιττακός",
        "Πλωτώ",
        "Πολέμαρχος",
        "Ποθητός",
        "Ποθητή",
        "Πολυδάμας",
        "Πολυδάμνεια",
        "Πολυδεύκης",
        "Πολυγνώτης",
        "Πολυδώρη",
        "Πολυκάστη",
        "Πολύκλειτος",
        "Πολυκράτης",
        "Πολύμερος",
        "Πολυμήδης",
        "Πολυνόη",
        "Ποσειδών",
        "Πραξιθέα",
        "Πραξιτέλης",
        "Πρίαμος",
        "Πρωταγόρας",
        "Πρωτεύς",
        "Πρωτέας",
        "Πρωτογένεια",
        "Πρωτογένης",
        "Πρώτω",
        "Πυθαγόρας",
        "Πυθεύς",
        "Πύθων",
        "Πτολεμαίος",
        "Πύρρα",
        "Πύρρανθος",
        "Πυρρίας",
        "Πυρρίμαχος",
        "Ρέα",
        "Ραδάμανθυς",
        "Ρείσης",
        "Ραμφίας",
        "Ρήγας",
        "Ρηγίλλα",
        "Ρήνη",
        "Ρητόριος",
        "Ρήσος",
        "Ριχάρδος",
        "Ρίζος",
        "Ριανός",
        "Ρίνων",
        "Ροδεία",
        "Ροδειάς",
        "Ροβέρτος",
        "Ροδόχρους",
        "Ροδόλφος",
        "Ρόδος",
        "Ρολάνδη",
        "Ρολάνδος",
        "Ροικός",
        "Σακελλάριος",
        "Σακελλάρης",
        "Σειληνός",
        "Σείριος",
        "Σεμέλη",
        "Σαραπίων",
        "Σαραφιανός",
        "Σαρπηδών",
        "Σάτνιος",
        "Σπειώ",
        "Σπάρτη",
        "Σπεύσιππος",
        "Σπήλιος",
        "Σπίνθαρος",
        "Σίδη",
        "Σθενέλαος",
        "Σθενίδας",
        "Σκάμων",
        "Σιβύλα",
        "Σκευοφύλακας",
        "Σικέλη",
        "Σκιπίων",
        "Σκιρωνίδης",
        "Σκοπελιανός",
        "Σκόπας",
        "Σιμμιάς",
        "Σιμωνίδης",
        "Σίσυφος",
        "Σίσσυφος",
        "Σμιχιάς",
        "Σόφιλος",
        "Σταμούλης",
        "Στάφυλος",
        "Στησαγόρας",
        "Στησίχορος",
        "Στίλπων",
        "Σφοδριάς",
        "Συνοδή",
        "Συνοδινός",
        "Στράβων",
        "Στρατοκλής",
        "Στράττις",
        "Συρμούλα",
        "Σύρμω",
        "Σύρος",
        "Σώφιλος",
        "Τελαμών",
        "Τελαυγής",
        "Τελέσιλλα",
        "Τελέστης",
        "Τελέστω",
        "Ταίναρος",
        "Τειρεσίας",
        "Τεκταίος",
        "Τεισίας",
        "Τέκτων",
        "Τέκτονας",
        "Τάλως",
        "Τάνταλος",
        "Τέρπανδρος",
        "Τερψιθέα",
        "Ταϋγέτη",
        "Τηλεβόης",
        "Τηλεκλείδης",
        "Τηλέφασση",
        "Τηλέφη",
        "Τηλεφίδης",
        "Τήλεφος",
        "Τήθυ",
        "Τήμενος",
        "Τηρέας",
        "Τήρω",
        "Τιμαγόρας",
        "Τιμαίος",
        "Τίμανδρος",
        "Τιμαρέτη",
        "Τιμάρατος",
        "Τιμοχάρης",
        "Τιμολέων",
        "Τιμος",
        "Τιμόκλεια",
        "Τιμοσθένης",
        "Τιμωνίδης",
        "Τολμαίος",
        "Τολμήδης",
        "Τριπτόλεμος",
        "Τρισεύγενη",
        "Τροφώνιος",
        "Τρυγώνα",
        "Τρυγόνα",
        "Τρύτων",
        "Τρίτων",
        "Τύχιος",
        "Τύνδαρης",
        "Τύριμμας",
        "Τυρταίος",
        "Τύφων",
        "Τυφώνη",
        "Υγεία",
        "Υαγνις",
        "Υβόννη",
        "Υδρέα",
        "Υδρεάς",
        "Υπείροχος",
        "Υπέρεια",
        "Υπέρβολος",
        "Υπερίδης",
        "Υπερίων",
        "Υπέροχη",
        "Υπέρτιμος",
        "Υλλος",
        "Υλότης",
        "Υψίπυλη",
        "Φαέθων",
        "Φαλέας",
        "Φειδίας",
        "Φαίδιμος",
        "Φάλαρις",
        "Φαίδων",
        "Φείδων",
        "Φαίστιος",
        "Φανιάς",
        "Φανόδικος",
        "Φανόκλης",
        "Φανοστράτη",
        "Φερεκύδης",
        "Φερεσύδη",
        "Φερούσα",
        "Φήμιος",
        "Φημονόη",
        "Φθία",
        "Φίλαινις",
        "Φιλεύς",
        "Φίλλις",
        "Φιλίνος",
        "Φιλίσκος",
        "Φίλιστος",
        "Φιλόδημος",
        "Φιλόπονος",
        "Φιλόλαος",
        "Φιλοκράτης",
        "Φιλοκτήτης",
        "Φιλόξενος",
        "Φιλομήλα",
        "Φιλόστρατος",
        "Φιλωτέρα",
        "Φιλώτας",
        "Φινεύς",
        "Φιντίας",
        "Φιντύς",
        "Φοίνιξ",
        "Φορμίων",
        "Φραγκίσκος",
        "Φραντζής",
        "Φραγκίσκη",
        "Φραντζέσκα",
        "Φρατζέσκα",
        "Φρασκώ",
        "Φρασκούλα",
        "Φρίξος",
        "Φροντίδας",
        "Φροντίς",
        "Φρύνη",
        "Φρύνιχος",
        "Φύλαρχος",
        "Φυλεύς",
        "Φυλλίς",
        "Φυλώ",
        "Φύρση",
        "Φωκυλίδης",
        "Φωτήλας",
        "Χαβρίας",
        "Χελιδόνα",
        "Χάλκων",
        "Χείλων",
        "Χαιρέδημος",
        "Χαιρέας",
        "Χαιρείας",
        "Χαιρέστρατος",
        "Χαιρήμων",
        "Χείρων",
        "Χαρίδημος",
        "Χαρικλής",
        "Χαρίνος",
        "Χαρμίδης",
        "Χάρμος",
        "Χερσιάς",
        "Χερσίφρων",
        "Χάρων",
        "Χίμαιρα",
        "Χιόνη",
        "Χίων",
        "Χλωρίς",
        "Χοίριλος",
        "Χρυσηίς",
        "Χρύσιππος",
        "Χρυσοθεμίς",
        "Χρυσοκόμης",
        "Ψαλμαχάρη",
        "Ψαλμαχάρης",
        "Ψαμάθη",
        "Ψαμμήτιχος",
        "Ωγυγής",
        "Ωγυγία",
        "Ωκάλεια",
        "Ωκέλος",
        "Ωληνός",
        "Ωκυπέτη",
        "Ωκυρρόη",
        "Ωκυτής",
        "Ωμαρής",
        "Ωραία",
        "Ωρειθυία",
        "Ωρος",
        "Ωφελίων",
        "Ωτος"
      ]
    },
    {
      "toEaster": -2,
      "main": "Μεγάλη Παρασκευή",
      "variations": []
    },
    {
      "toEaster": 1,
      "main": "2α Διακαινησίμου - Δευτέρα",
      "variations": []
    }
  ]
  }